{
  "devToolsPanelSize": {
    "__nextjs-dev-tools-panel-size_segment-explorer": {
      "width": 595.0000610351562,
      "height": 375.0000305175781
    }
  }
}